{"cameraMode":{"drawMode":0,"name":"Shaded","section":"Shading Mode"},"sceneLighting":true,"audioPlay":false,"sceneViewState":{"m_AlwaysRefresh":false,"showFog":true,"showSkybox":true,"showFlares":true,"showImageEffects":true,"showParticleSystems":true,"showVisualEffectGraphs":true,"m_FxEnabled":true},"in2DMode":false,"pivot":{"x":-1.3484761714935303,"y":0.857020378112793,"z":-1.1202574968338013},"rotation":{"x":0.054533347487449649,"y":-0.9376203417778015,"z":0.17207099497318269,"w":0.2971402406692505},"size":3.0951879024505617,"orthographic":false}