{"cameraMode":{"drawMode":0,"name":"Shaded","section":"Shading Mode"},"sceneLighting":true,"audioPlay":false,"sceneViewState":{"m_AlwaysRefresh":false,"showFog":true,"showSkybox":true,"showFlares":true,"showImageEffects":true,"showParticleSystems":true,"showVisualEffectGraphs":true,"m_FxEnabled":true},"in2DMode":false,"pivot":{"x":-1.4850977659225464,"y":-0.007200118154287338,"z":0.7256269454956055},"rotation":{"x":0.0011043003760278226,"y":0.9949294924736023,"z":-0.1000247374176979,"w":0.011040577664971352},"size":0.30817243456840517,"orthographic":false}