{"cameraMode":{"drawMode":0,"name":"Shaded","section":"Shading Mode"},"sceneLighting":true,"audioPlay":false,"sceneViewState":{"m_AlwaysRefresh":false,"showFog":true,"showSkybox":true,"showFlares":true,"showImageEffects":true,"showParticleSystems":true,"showVisualEffectGraphs":true,"m_FxEnabled":true},"in2DMode":false,"pivot":{"x":-24.170059204101564,"y":-11.972493171691895,"z":31.183788299560548},"rotation":{"x":0.2340594232082367,"y":-0.31289714574813845,"z":0.07985475659370423,"w":0.9170334339141846},"size":18.365550994873048,"orthographic":false}