{"cameraMode":{"drawMode":0,"name":"Shaded","section":"Shading Mode"},"sceneLighting":true,"audioPlay":false,"sceneViewState":{"m_AlwaysRefresh":false,"showFog":true,"showSkybox":true,"showFlares":true,"showImageEffects":true,"showParticleSystems":true,"showVisualEffectGraphs":true,"m_FxEnabled":true},"in2DMode":false,"pivot":{"x":1.629897952079773,"y":-21.533527374267579,"z":46.77301025390625},"rotation":{"x":0.2819178104400635,"y":0.02590111270546913,"z":-0.007614644709974527,"w":0.9590640664100647},"size":20.976266860961915,"orthographic":false}