{"cameraMode":{"drawMode":0,"name":"Shaded","section":"Shading Mode"},"sceneLighting":true,"audioPlay":false,"sceneViewState":{"m_AlwaysRefresh":false,"showFog":true,"showSkybox":true,"showFlares":true,"showImageEffects":true,"showParticleSystems":true,"showVisualEffectGraphs":true,"m_FxEnabled":true},"in2DMode":false,"pivot":{"x":21.480609893798829,"y":-95.15410614013672,"z":256.41558837890627},"rotation":{"x":-0.06770487129688263,"y":0.03503408282995224,"z":-0.002410988789051771,"w":-0.9971098303794861},"size":139.67800903320313,"orthographic":false}