{"cameraMode":{"drawMode":0,"name":"Shaded","section":"Shading Mode"},"sceneLighting":true,"audioPlay":false,"sceneViewState":{"m_AlwaysRefresh":false,"showFog":true,"showSkybox":true,"showFlares":true,"showImageEffects":true,"showParticleSystems":true,"showVisualEffectGraphs":true,"m_FxEnabled":true},"in2DMode":false,"pivot":{"x":-53.12499237060547,"y":-40.83388900756836,"z":214.8097686767578},"rotation":{"x":-0.07631749659776688,"y":0.10214121639728546,"z":-0.007891924120485783,"w":-0.9918294548988342},"size":139.10545349121095,"orthographic":false}