{"cameraMode":{"drawMode":0,"name":"Shaded","section":"Shading Mode"},"sceneLighting":true,"audioPlay":false,"sceneViewState":{"m_AlwaysRefresh":false,"showFog":true,"showSkybox":true,"showFlares":true,"showImageEffects":true,"showParticleSystems":true,"showVisualEffectGraphs":true,"m_FxEnabled":true},"in2DMode":false,"pivot":{"x":-0.7315411567687988,"y":0.3324299454689026,"z":-0.11256882548332215},"rotation":{"x":0.10827954858541489,"y":-0.8185626864433289,"z":0.16422587633132935,"w":0.5396915674209595},"size":1.633049488067627,"orthographic":false}